id,first_name,last_name,email,gender,ip_address
1,Hurley,Fiddymont,hfiddymont0@google.co.jp,Male,12.235.92.150
2,Dyane,Alesin,dalesin1@odnoklassniki.ru,Female,223.195.61.152
3,Sibilla,Wyllcocks,swyllcocks2@odnoklassniki.ru,Female,36.57.21.225
4,Wandie,Albany,walbany3@dyndns.org,Female,117.86.154.221
5,Fanechka,Fegan,ffegan4@newsvine.com,Female,65.127.164.238
6,Chery,Gwyn,cgwyn5@is.gd,Female,175.225.105.231
7,Jillian,Feldheim,jfeldheim6@timesonline.co.uk,Female,198.239.149.222
8,Revkah,Pollock,rpollock7@reddit.com,Female,71.14.124.123
9,Aldric,Orth,aorth8@mapy.cz,Male,94.8.195.51
10,Florian,Blondin,fblondin9@chicagotribune.com,Male,100.202.127.122
11,Leland,Flexman,lflexmana@xing.com,Male,225.137.252.212
12,Reese,Ekless,reklessb@yale.edu,Male,206.255.237.249
13,Karine,Bramsom,kbramsomc@addthis.com,Female,27.111.194.6
14,Ely,Brightling,ebrightlingd@usgs.gov,Male,129.153.250.36
15,Stacee,Aronov,saronove@cyberchimps.com,Female,70.120.64.65
16,Lurlene,Blunsum,lblunsumf@webeden.co.uk,Female,251.27.3.200
17,Hebert,Meaker,hmeakerg@issuu.com,Male,174.154.246.17
18,Reinald,Pirrie,rpirrieh@sitemeter.com,Male,153.142.73.185
19,Averil,Brindley,abrindleyi@scribd.com,Female,182.120.168.228
20,Donn,Cohen,dcohenj@eepurl.com,Male,132.215.248.145
21,Paolo,Bailes,pbailesk@nps.gov,Male,98.88.209.65
22,Robena,Richardot,rrichardotl@cnet.com,Female,5.39.221.212
23,Agace,Cobon,acobonm@slideshare.net,Female,49.242.238.252
24,Rebbecca,O'Loghlen,rologhlenn@etsy.com,Female,236.36.198.177
25,Niki,Carlon,ncarlono@hubpages.com,Male,7.96.156.231
26,Rheta,Allington,rallingtonp@linkedin.com,Female,23.155.34.29
27,Stanislas,Blackbrough,sblackbroughq@lycos.com,Male,250.189.58.77
28,Lilias,Ofener,lofenerr@blogger.com,Female,16.28.50.35
29,Gearalt,Rapier,grapiers@prnewswire.com,Male,181.106.181.202
30,Savina,Eliet,seliett@auda.org.au,Female,139.215.86.137
31,Guido,Croyden,gcroydenu@telegraph.co.uk,Male,254.249.139.84
32,Charlene,Zoanetti,czoanettiv@harvard.edu,Female,107.162.12.166
33,Matelda,Lacroux,mlacrouxw@hibu.com,Female,163.117.249.169
34,Artemis,Lebang,alebangx@nasa.gov,Male,106.107.70.93
35,Pinchas,Bradnocke,pbradnockey@youku.com,Male,0.111.1.146
36,Kati,Faulconbridge,kfaulconbridgez@jigsy.com,Female,222.110.205.143
37,Ginelle,Poll,gpoll10@amazon.co.uk,Female,106.212.129.243
38,Ronny,Charkham,rcharkham11@who.int,Female,164.143.234.66
39,Faber,Crozier,fcrozier12@hibu.com,Male,67.44.96.112
40,Oralie,Brands,obrands13@about.me,Female,20.175.76.164
41,Nollie,Rappaport,nrappaport14@foxnews.com,Female,252.201.125.18
42,Rene,Prudham,rprudham15@blogs.com,Male,160.249.208.73
43,Alon,Cosstick,acosstick16@dedecms.com,Male,156.240.177.89
44,Boycey,Kenward,bkenward17@altervista.org,Male,117.29.23.184
45,Jeffrey,Cunrado,jcunrado18@seesaa.net,Male,91.87.70.23
46,Madel,Quenby,mquenby19@vimeo.com,Female,204.102.4.162
47,Alikee,Speirs,aspeirs1a@ebay.co.uk,Female,113.61.224.105
48,Heall,Domokos,hdomokos1b@goo.ne.jp,Male,4.243.162.8
49,Ursala,Di Meo,udimeo1c@va.gov,Female,240.235.34.80
50,Shoshanna,Bretton,sbretton1d@livejournal.com,Female,229.203.64.67
51,Yovonnda,Shevlane,yshevlane1e@eepurl.com,Female,56.118.178.15
52,Maxie,Kalberer,mkalberer1f@vimeo.com,Male,119.93.178.61
53,Angelia,Marjanovic,amarjanovic1g@etsy.com,Female,93.64.233.46
54,Giacomo,Legging,glegging1h@wordpress.org,Male,110.189.63.1
55,Alia,Jeffray,ajeffray1i@delicious.com,Female,227.218.37.110
56,Cornelle,Lanfranchi,clanfranchi1j@last.fm,Female,135.123.87.182
57,Wakefield,Wace,wwace1k@github.io,Male,79.117.192.105
58,Kata,Lydiatt,klydiatt1l@yellowbook.com,Female,89.22.87.130
59,Ambur,Fortnum,afortnum1m@ucsd.edu,Female,74.179.109.239
60,Johnny,O'Bruen,jobruen1n@mediafire.com,Male,113.57.97.79
61,Ardis,Dowson,adowson1o@netscape.com,Female,177.196.186.18
62,Hebert,Tale,htale1p@tmall.com,Male,75.217.240.16
63,Xena,Doole,xdoole1q@diigo.com,Female,14.169.95.100
64,Wallas,Garrigan,wgarrigan1r@nymag.com,Male,198.223.42.209
65,Neda,Franschini,nfranschini1s@nature.com,Female,9.13.16.154
66,Jeffie,Wallach,jwallach1t@sohu.com,Male,35.138.23.100
67,Karna,Van Baaren,kvanbaaren1u@sitemeter.com,Female,29.7.75.102
68,Zeb,Dumphrey,zdumphrey1v@vistaprint.com,Male,232.202.36.157
69,Norine,Iskowicz,niskowicz1w@alibaba.com,Female,100.161.8.180
70,Howie,Brockman,hbrockman1x@newyorker.com,Male,150.56.49.176
71,Stevy,Lutwyche,slutwyche1y@mozilla.org,Male,97.34.201.236
72,Duncan,Percy,dpercy1z@about.me,Male,136.101.172.242
73,Krystle,Stump,kstump20@china.com.cn,Female,220.197.127.241
74,Sutherland,Borg-Bartolo,sborgbartolo21@japanpost.jp,Male,203.26.160.17
75,Diego,Daniell,ddaniell22@utexas.edu,Male,174.97.91.200
76,Dollie,Conerding,dconerding23@soundcloud.com,Female,90.254.96.144
77,Honor,Bescoby,hbescoby24@msn.com,Female,159.209.227.168
78,Koo,Rakes,krakes25@furl.net,Female,60.82.17.84
79,Garth,Bealing,gbealing26@scientificamerican.com,Male,228.192.21.42
80,Georgianna,Odney,godney27@usnews.com,Female,165.19.60.33
81,Katinka,Baurerich,kbaurerich28@hubpages.com,Female,143.21.123.254
82,Davidde,Janiszewski,djaniszewski29@desdev.cn,Male,120.37.238.231
83,Spense,Treffry,streffry2a@vkontakte.ru,Male,211.93.128.119
84,Lisha,Cunniam,lcunniam2b@reddit.com,Female,239.197.193.55
85,Erek,Laxston,elaxston2c@uiuc.edu,Male,216.134.4.246
86,Cyrillus,Duncan,cduncan2d@tripod.com,Male,170.35.45.193
87,Loni,Goathrop,lgoathrop2e@moonfruit.com,Female,253.167.209.89
88,Rosalynd,Bassano,rbassano2f@unesco.org,Female,66.201.51.94
89,Zared,Perago,zperago2g@acquirethisname.com,Male,138.77.202.40
90,Rozele,Beavis,rbeavis2h@nps.gov,Female,156.81.137.43
91,Korrie,Stait,kstait2i@ft.com,Female,231.80.76.211
92,Garrot,Ohm,gohm2j@usa.gov,Male,128.28.4.157
93,Clayton,Quainton,cquainton2k@columbia.edu,Male,189.66.173.73
94,Hilton,Cotilard,hcotilard2l@bbb.org,Male,144.214.166.186
95,Templeton,D'Alesio,tdalesio2m@rambler.ru,Male,58.72.130.100
96,Wilfred,Rumke,wrumke2n@guardian.co.uk,Male,44.67.96.30
97,Kalindi,Creaney,kcreaney2o@github.io,Female,154.189.10.241
98,Faye,Cushion,fcushion2p@dmoz.org,Female,185.237.131.107
99,Euell,Titmus,etitmus2q@sbwire.com,Male,61.198.202.238
100,Lind,Kelemen,lkelemen2r@icio.us,Male,11.61.14.109
101,Krystle,Kenningham,kkenningham2s@howstuffworks.com,Female,174.104.180.233
102,Perice,Drinkhall,pdrinkhall2t@youku.com,Male,196.92.250.188
103,Christen,Mathieu,cmathieu2u@joomla.org,Female,72.139.3.157
104,Godard,Pembridge,gpembridge2v@squidoo.com,Male,79.52.55.66
105,Demetria,Skala,dskala2w@sakura.ne.jp,Female,137.210.249.61
106,Dawna,Hulles,dhulles2x@state.tx.us,Female,133.10.50.118
107,Jan,Merwood,jmerwood2y@acquirethisname.com,Male,241.186.238.62
108,Maggi,Bewsey,mbewsey2z@moonfruit.com,Female,154.226.14.189
109,Rudd,Starbeck,rstarbeck30@canalblog.com,Male,246.115.198.4
110,Otho,Pomeroy,opomeroy31@sohu.com,Male,17.144.243.26
111,Cly,Robinett,crobinett32@telegraph.co.uk,Male,137.81.96.117
112,Reagen,Bernocchi,rbernocchi33@yellowpages.com,Male,233.150.165.87
113,Anastasia,Granville,agranville34@yahoo.co.jp,Female,240.211.26.221
114,Christiane,Penas,cpenas35@vinaora.com,Female,64.234.12.51
115,Hi,Bratley,hbratley36@miibeian.gov.cn,Male,226.175.85.84
116,Edythe,Kettlestringes,ekettlestringes37@godaddy.com,Female,148.219.151.241
117,Brande,Bouchard,bbouchard38@domainmarket.com,Female,177.164.82.167
118,Iorgos,Zamudio,izamudio39@kickstarter.com,Male,3.79.175.206
119,Kippar,Rainsden,krainsden3a@fda.gov,Male,43.61.104.76
120,Jordan,Georgi,jgeorgi3b@arstechnica.com,Female,63.223.70.10
121,Amalee,Crosfeld,acrosfeld3c@va.gov,Female,34.153.40.65
122,Hamish,Sarch,hsarch3d@toplist.cz,Male,126.27.28.8
123,Dode,Ainscow,dainscow3e@linkedin.com,Female,50.95.169.34
124,Don,Forrestall,dforrestall3f@who.int,Male,238.43.234.184
125,Sharity,Dahle,sdahle3g@hud.gov,Female,66.153.201.238
126,Aaron,Ketchell,aketchell3h@sciencedaily.com,Male,59.165.93.128
127,Ola,Hurlestone,ohurlestone3i@ihg.com,Female,146.222.111.168
128,Nels,Van Geffen,nvangeffen3j@squidoo.com,Male,11.220.188.63
129,Betteann,Dillestone,bdillestone3k@ycombinator.com,Female,94.60.32.233
130,Alyson,Brothwood,abrothwood3l@nationalgeographic.com,Female,130.109.235.200
131,Hoebart,Speachley,hspeachley3m@cocolog-nifty.com,Male,186.87.94.172
132,Shaughn,Hutfield,shutfield3n@blogspot.com,Male,158.106.32.78
133,Axe,Rule,arule3o@si.edu,Male,142.172.2.4
134,Geri,L'oiseau,gloiseau3p@yahoo.co.jp,Male,253.214.42.194
135,Tommi,Batalle,tbatalle3q@psu.edu,Female,64.187.39.55
136,Benedicta,Kinkaid,bkinkaid3r@parallels.com,Female,19.144.104.216
137,Ingaborg,Matyugin,imatyugin3s@ibm.com,Female,115.37.140.9
138,Mignonne,Sive,msive3t@weebly.com,Female,239.225.19.202
139,Edmon,Coy,ecoy3u@weebly.com,Male,152.154.189.135
140,Quintana,Yarwood,qyarwood3v@earthlink.net,Female,43.245.183.235
141,Marcia,Harmstone,mharmstone3w@live.com,Female,67.27.15.202
142,Don,Rizzello,drizzello3x@umn.edu,Male,207.181.65.88
143,Derry,Roseman,droseman3y@npr.org,Male,13.145.201.109
144,Garvey,McCawley,gmccawley3z@mapy.cz,Male,0.199.222.229
145,Dianne,Hessentaler,dhessentaler40@miibeian.gov.cn,Female,129.49.232.158
146,Terencio,Togher,ttogher41@nymag.com,Male,190.48.54.91
147,Ebba,Szymczyk,eszymczyk42@geocities.jp,Female,176.102.25.151
148,Alexandros,Stickel,astickel43@i2i.jp,Male,138.191.29.135
149,Pauletta,Skip,pskip44@e-recht24.de,Female,155.235.78.83
150,Isidor,Pomfrett,ipomfrett45@alexa.com,Male,91.129.215.29
151,Garnette,Brotherwood,gbrotherwood46@theatlantic.com,Female,67.225.179.236
152,Carrissa,Wearn,cwearn47@wp.com,Female,170.10.219.81
153,Rene,Hawgood,rhawgood48@joomla.org,Male,120.68.131.92
154,Abraham,Kelling,akelling49@infoseek.co.jp,Male,121.21.244.108
155,Hermine,Lowne,hlowne4a@census.gov,Female,219.24.45.50
156,Rubi,Dumbare,rdumbare4b@pcworld.com,Female,239.185.193.162
157,Catie,Prine,cprine4c@cdc.gov,Female,247.102.169.19
158,Krystalle,Meletti,kmeletti4d@tinypic.com,Female,159.46.246.197
159,Rosy,Burren,rburren4e@google.com.hk,Female,153.121.47.89
160,Piggy,Curdell,pcurdell4f@imgur.com,Male,231.243.234.31
161,Candace,Costell,ccostell4g@nifty.com,Female,149.229.46.96
162,Ajay,MacAnellye,amacanellye4h@kickstarter.com,Female,254.37.14.60
163,Georgine,Manderson,gmanderson4i@1und1.de,Female,174.152.19.28
164,Devlin,Yekel,dyekel4j@geocities.com,Male,240.102.245.249
165,Sherry,Hechlin,shechlin4k@wufoo.com,Female,199.75.229.75
166,Odell,Brierton,obrierton4l@weibo.com,Male,211.248.212.153
167,Glennie,Ricardet,gricardet4m@discuz.net,Female,252.218.190.116
168,Carr,Josling,cjosling4n@wordpress.org,Male,229.159.120.204
169,Kelcie,Sprey,ksprey4o@hao123.com,Female,28.68.132.40
170,Gabbi,Pounds,gpounds4p@themeforest.net,Female,130.12.55.34
171,Zonda,Knowlys,zknowlys4q@bluehost.com,Female,226.235.232.252
172,Lynnell,Junkin,ljunkin4r@instagram.com,Female,244.238.133.129
173,Barton,Garlett,bgarlett4s@auda.org.au,Male,20.195.154.235
174,Anthiathia,Draxford,adraxford4t@last.fm,Female,3.142.144.221
175,Kimble,Waslin,kwaslin4u@yellowpages.com,Male,242.116.228.68
176,Emmye,Leatt,eleatt4v@google.cn,Female,217.210.13.129
177,Les,Jaukovic,ljaukovic4w@nationalgeographic.com,Male,175.253.215.92
178,Aldwin,Bacop,abacop4x@plala.or.jp,Male,136.222.163.170
179,Maurice,Fluger,mfluger4y@cloudflare.com,Male,161.32.154.221
180,Perri,Mesnard,pmesnard4z@yahoo.com,Female,252.88.9.58
181,Laney,Lefeaver,llefeaver50@i2i.jp,Female,137.169.248.210
182,Diane-marie,Grew,dgrew51@google.ca,Female,244.69.173.250
183,Ilise,Westbrook,iwestbrook52@admin.ch,Female,184.139.191.76
184,Freeman,Vasyukhin,fvasyukhin53@nymag.com,Male,31.162.254.14
185,Kerby,Fawley,kfawley54@sourceforge.net,Male,229.26.33.156
186,Carter,Cadwallader,ccadwallader55@zdnet.com,Male,131.120.228.66
187,Talbot,Lenormand,tlenormand56@newyorker.com,Male,102.176.167.100
188,Thacher,Kures,tkures57@cargocollective.com,Male,157.169.246.174
189,Shaylynn,Devin,sdevin58@telegraph.co.uk,Female,18.50.155.82
190,Celia,Goricke,cgoricke59@amazon.com,Female,115.146.72.34
191,Ciel,Larcier,clarcier5a@google.cn,Female,120.248.221.30
192,Kingsley,Bulbeck,kbulbeck5b@acquirethisname.com,Male,32.236.52.135
193,Dyan,MacBarron,dmacbarron5c@netlog.com,Female,65.16.113.114
194,Kippar,De Mars,kdemars5d@cbslocal.com,Male,116.20.95.30
195,Patty,Kendrew,pkendrew5e@globo.com,Male,29.107.31.47
196,Odessa,Fewster,ofewster5f@blogspot.com,Female,38.154.219.92
197,Arny,Durrant,adurrant5g@ca.gov,Male,9.230.53.44
198,Gaby,Petkovic,gpetkovic5h@mac.com,Male,186.195.224.149
199,Verine,Granham,vgranham5i@paypal.com,Female,128.129.228.2
200,Lorry,Mears,lmears5j@apache.org,Male,207.250.239.215
201,Elwyn,Prugel,eprugel5k@last.fm,Male,144.36.155.196
202,Karylin,Stebbing,kstebbing5l@w3.org,Female,106.193.49.4
203,Keelby,Call,kcall5m@mayoclinic.com,Male,93.12.223.135
204,Perkin,Jacquet,pjacquet5n@deliciousdays.com,Male,43.240.213.33
205,Willdon,Camelin,wcamelin5o@sogou.com,Male,23.191.244.235
206,Florencia,Cuppleditch,fcuppleditch5p@i2i.jp,Female,135.52.185.14
207,Willard,Fidian,wfidian5q@mysql.com,Male,86.227.199.196
208,Gaile,Van Dale,gvandale5r@sakura.ne.jp,Male,107.15.165.38
209,Issy,Goom,igoom5s@purevolume.com,Female,216.76.51.125
210,Aurilia,Le Noury,alenoury5t@opensource.org,Female,0.231.135.84
211,Gertrude,Lynds,glynds5u@clickbank.net,Female,172.8.141.155
212,Shena,McKain,smckain5v@mapquest.com,Female,242.23.127.249
213,Anselm,Brandle,abrandle5w@seattletimes.com,Male,145.229.194.177
214,Thornton,Grisbrook,tgrisbrook5x@sbwire.com,Male,171.127.96.96
215,Steffi,Sanbroke,ssanbroke5y@blogger.com,Female,83.100.4.156
216,Gardiner,McGibbon,gmcgibbon5z@so-net.ne.jp,Male,21.217.3.118
217,Casey,Message,cmessage60@4shared.com,Male,56.247.148.87
218,Lyell,Samett,lsamett61@skyrock.com,Male,198.204.122.239
219,Dionysus,Howles,dhowles62@behance.net,Male,202.131.205.167
220,Bo,McFayden,bmcfayden63@cdc.gov,Male,47.93.218.153
221,Dale,Surmeyer,dsurmeyer64@ft.com,Female,153.245.231.139
222,Robinet,Lethem,rlethem65@washingtonpost.com,Female,83.99.19.126
223,Bernadene,Henden,bhenden66@myspace.com,Female,114.42.61.35
224,Findlay,Fewless,ffewless67@multiply.com,Male,202.182.116.1
225,Donnajean,Ewestace,dewestace68@networkadvertising.org,Female,82.48.152.94
226,Clarita,Reis,creis69@dion.ne.jp,Female,232.61.88.126
227,Charline,Becom,cbecom6a@army.mil,Female,163.2.83.157
228,Cyril,Herche,cherche6b@e-recht24.de,Male,145.27.7.235
229,Mercy,Basnett,mbasnett6c@twitpic.com,Female,155.160.194.146
230,Ephrayim,Instrell,einstrell6d@homestead.com,Male,41.88.134.196
231,Dannie,Keets,dkeets6e@soundcloud.com,Male,235.155.255.86
232,Joyann,Philipot,jphilipot6f@uol.com.br,Female,154.31.21.242
233,Tammie,Measham,tmeasham6g@amazon.co.jp,Male,116.186.99.160
234,Annetta,Bentson,abentson6h@dropbox.com,Female,122.73.151.236
235,Alisun,Henbury,ahenbury6i@businessinsider.com,Female,252.37.64.15
236,Cristabel,Ungerechts,cungerechts6j@mozilla.com,Female,216.38.31.204
237,Ferrell,Ree,free6k@1688.com,Male,39.74.40.246
238,Any,Rankmore,arankmore6l@house.gov,Male,173.134.19.236
239,Haroun,Ungerecht,hungerecht6m@google.ru,Male,58.234.130.252
240,Sheryl,Birtley,sbirtley6n@fastcompany.com,Female,226.102.32.75
241,Nicky,Lambol,nlambol6o@tamu.edu,Male,181.133.40.12
242,Maxie,Fandrey,mfandrey6p@gizmodo.com,Male,203.242.47.113
243,Iolande,Kinsley,ikinsley6q@ucla.edu,Female,9.66.233.152
244,Eleonora,Morsey,emorsey6r@exblog.jp,Female,26.52.237.111
245,Theodoric,Stride,tstride6s@nsw.gov.au,Male,165.8.112.82
246,Avrom,Dugald,adugald6t@mayoclinic.com,Male,206.20.237.34
247,Hildagarde,Preddle,hpreddle6u@merriam-webster.com,Female,230.176.252.130
248,Wilden,Asple,wasple6v@acquirethisname.com,Male,72.108.17.238
249,Mel,Tarte,mtarte6w@youtu.be,Female,39.130.72.252
250,Sibley,Pittock,spittock6x@alexa.com,Female,173.180.213.211
251,Arlana,Yuill,ayuill6y@google.co.uk,Female,160.125.102.8
252,Louisa,Bettington,lbettington6z@constantcontact.com,Female,157.163.48.92
253,Eustacia,McDowell,emcdowell70@twitpic.com,Female,51.39.178.40
254,Georgianne,Bethell,gbethell71@chron.com,Female,250.98.8.39
255,Sibel,Lowndesbrough,slowndesbrough72@hhs.gov,Female,218.129.67.97
256,Christy,Scoates,cscoates73@sun.com,Female,12.96.15.87
257,Sancho,Abbess,sabbess74@feedburner.com,Male,126.21.35.20
258,Chrissie,Hinkes,chinkes75@npr.org,Male,112.111.111.0
259,Arlette,Billitteri,abillitteri76@feedburner.com,Female,8.139.222.102
260,Tobin,Briggdale,tbriggdale77@linkedin.com,Male,27.151.232.20
261,Gerick,Grinikhin,ggrinikhin78@hp.com,Male,27.52.120.162
262,Audie,Iggulden,aiggulden79@dmoz.org,Female,250.44.95.79
263,Sal,Tukely,stukely7a@ucoz.ru,Male,14.228.81.203
264,Justina,Costello,jcostello7b@arizona.edu,Female,10.100.221.195
265,Butch,Mitham,bmitham7c@fastcompany.com,Male,12.11.117.245
266,Ezequiel,Bratch,ebratch7d@csmonitor.com,Male,11.113.3.74
267,Kennett,Ewens,kewens7e@mashable.com,Male,71.199.27.59
268,Zachariah,Townby,ztownby7f@netvibes.com,Male,121.69.97.30
269,Sandy,Gerbi,sgerbi7g@discovery.com,Female,158.102.140.153
270,Jamill,Bolino,jbolino7h@addthis.com,Male,124.71.206.254
271,Findlay,Dodd,fdodd7i@homestead.com,Male,64.20.233.48
272,Tomlin,Mutimer,tmutimer7j@cnet.com,Male,5.8.21.160
273,Alicia,Conville,aconville7k@furl.net,Female,195.226.112.126
274,Bryant,Early,bearly7l@yellowbook.com,Male,229.27.104.21
275,Elie,Radborn,eradborn7m@hao123.com,Female,104.36.235.213
276,Curcio,Tant,ctant7n@kickstarter.com,Male,119.26.77.165
277,Jo,Hatcliffe,jhatcliffe7o@prweb.com,Female,246.206.151.222
278,Pauli,Muzzillo,pmuzzillo7p@mlb.com,Female,40.65.153.107
279,Terrence,Armsden,tarmsden7q@mapquest.com,Male,30.63.205.165
280,Baudoin,Rude,brude7r@disqus.com,Male,27.181.144.46
281,Dru,Mohring,dmohring7s@whitehouse.gov,Female,207.156.251.48
282,Mavra,Chattaway,mchattaway7t@nih.gov,Female,122.62.75.45
283,Shermy,Berkowitz,sberkowitz7u@cnet.com,Male,219.219.114.7
284,Rene,Minors,rminors7v@163.com,Male,131.214.97.99
285,Seamus,Deackes,sdeackes7w@census.gov,Male,157.148.110.66
286,Cos,Silberschatz,csilberschatz7x@hatena.ne.jp,Male,135.39.65.109
287,Cary,Hearnaman,chearnaman7y@networkadvertising.org,Male,224.208.64.143
288,Goldy,Bodsworth,gbodsworth7z@google.ru,Female,138.2.130.130
289,Dacia,Zarfai,dzarfai80@drupal.org,Female,238.237.150.191
290,Cordy,Hurleston,churleston81@home.pl,Female,181.209.30.7
291,Arin,Strathern,astrathern82@163.com,Male,235.213.34.167
292,Bendite,Beedie,bbeedie83@rediff.com,Female,198.68.224.106
293,Judah,Maplestone,jmaplestone84@buzzfeed.com,Male,156.197.2.55
294,Salem,Cardall,scardall85@vkontakte.ru,Male,34.136.130.103
295,Dyane,Lockton,dlockton86@fc2.com,Female,203.142.216.122
296,Ichabod,Walthew,iwalthew87@alexa.com,Male,70.1.182.224
297,Bram,Brooks,bbrooks88@dot.gov,Male,197.94.137.123
298,Celestyn,Goodisson,cgoodisson89@feedburner.com,Female,184.122.243.154
299,Tammy,Robertis,trobertis8a@mashable.com,Male,227.124.210.34
300,Manya,Methven,mmethven8b@soup.io,Female,171.221.154.57
301,Nicol,Gohn,ngohn8c@google.com,Male,10.196.202.139
302,Aubert,Nathon,anathon8d@uiuc.edu,Male,200.107.103.230
303,Pacorro,Ferens,pferens8e@weibo.com,Male,160.112.173.166
304,Reagen,Piatto,rpiatto8f@guardian.co.uk,Male,45.242.255.217
305,Loise,Paffitt,lpaffitt8g@amazon.com,Female,190.48.69.172
306,Pamella,Ferryn,pferryn8h@quantcast.com,Female,152.121.134.122
307,Orran,Riha,oriha8i@com.com,Male,127.52.44.191
308,Bebe,Fretson,bfretson8j@mail.ru,Female,12.89.171.209
309,Datha,Lannon,dlannon8k@php.net,Female,79.138.197.58
310,Fina,Wrangle,fwrangle8l@netscape.com,Female,56.159.58.46
311,Lisette,Ragge,lragge8m@geocities.jp,Female,81.36.184.49
312,Kristi,Castleton,kcastleton8n@theatlantic.com,Female,6.197.7.120
313,Gerianne,Thursby,gthursby8o@stumbleupon.com,Female,147.247.107.239
314,Ferdy,Tesh,ftesh8p@hugedomains.com,Male,210.235.233.178
315,Mikaela,Wakenshaw,mwakenshaw8q@google.ca,Female,169.40.168.137
316,Rahel,Wyne,rwyne8r@google.fr,Female,166.209.254.205
317,Alain,Bortolozzi,abortolozzi8s@about.com,Male,217.160.66.239
318,Pansy,Ivanichev,pivanichev8t@e-recht24.de,Female,119.192.182.149
319,Arnold,Diperaus,adiperaus8u@freewebs.com,Male,127.233.68.236
320,Garrek,Northin,gnorthin8v@360.cn,Male,236.17.179.75
321,Spence,Checchi,schecchi8w@php.net,Male,18.149.197.8
322,Eolande,Shee,eshee8x@pen.io,Female,69.225.156.6
323,Tiena,Penkman,tpenkman8y@npr.org,Female,115.246.138.164
324,Yoko,Bread,ybread8z@omniture.com,Female,108.60.5.61
325,Pebrook,Beauchamp,pbeauchamp90@blogtalkradio.com,Male,230.176.185.99
326,Brett,Bizley,bbizley91@dmoz.org,Male,245.76.188.226
327,Alexandra,Meedendorpe,ameedendorpe92@purevolume.com,Female,214.17.1.228
328,Florinda,Penhearow,fpenhearow93@senate.gov,Female,109.100.219.61
329,Barbaraanne,Coolbear,bcoolbear94@storify.com,Female,175.31.82.136
330,Harlie,Kopje,hkopje95@hp.com,Female,157.111.64.186
331,Vinny,Golsby,vgolsby96@oaic.gov.au,Female,85.157.225.108
332,Felecia,Hindrick,fhindrick97@shareasale.com,Female,87.218.98.56
333,Olva,Cassey,ocassey98@ox.ac.uk,Female,157.48.227.89
334,Daniel,Terlinden,dterlinden99@cisco.com,Male,88.196.3.79
335,Idalia,Van De Cappelle,ivandecappelle9a@mozilla.org,Female,76.140.185.86
336,Charlene,Izhak,cizhak9b@people.com.cn,Female,181.207.35.131
337,Gladys,Ramel,gramel9c@unblog.fr,Female,232.62.162.227
338,Norri,Vanyushin,nvanyushin9d@amazonaws.com,Female,206.162.130.196
339,Hamnet,Maplethorp,hmaplethorp9e@wp.com,Male,235.120.223.239
340,Demetre,Winscom,dwinscom9f@ted.com,Male,236.217.120.91
341,Harwilll,Dugan,hdugan9g@foxnews.com,Male,29.117.111.147
342,Vivianne,Yesinin,vyesinin9h@ucla.edu,Female,132.57.241.173
343,Wilbert,Squibbes,wsquibbes9i@furl.net,Male,60.22.64.3
344,Krystal,Evequot,kevequot9j@youku.com,Female,99.111.199.170
345,Caryl,Fearnyough,cfearnyough9k@sourceforge.net,Female,128.116.243.183
346,Michele,Dayment,mdayment9l@netscape.com,Male,102.181.93.209
347,Loleta,McKeller,lmckeller9m@timesonline.co.uk,Female,25.191.246.252
348,Carol-jean,Lythgoe,clythgoe9n@altervista.org,Female,104.237.46.223
349,Ximenez,Yannoni,xyannoni9o@istockphoto.com,Male,68.179.253.97
350,Torrie,Burdess,tburdess9p@nature.com,Female,120.219.248.68
351,Joelly,Acosta,jacosta9q@ft.com,Female,104.32.221.60
352,Nancie,Farfull,nfarfull9r@loc.gov,Female,12.240.109.191
353,Davie,Beasley,dbeasley9s@pcworld.com,Male,101.91.31.231
354,Zacharia,Pizer,zpizer9t@homestead.com,Male,237.129.69.226
355,Lila,Craggs,lcraggs9u@t.co,Female,192.41.190.246
356,Retha,Chatelain,rchatelain9v@va.gov,Female,62.137.158.25
357,Magdalena,Cardno,mcardno9w@networkadvertising.org,Female,23.88.186.196
358,Noelyn,Bradtke,nbradtke9x@netvibes.com,Female,233.47.220.90
359,Orsa,Wissby,owissby9y@techcrunch.com,Female,106.65.103.177
360,Kay,Capp,kcapp9z@unesco.org,Female,33.145.101.176
361,Dore,Donoghue,ddonoghuea0@drupal.org,Female,104.185.182.107
362,Terry,Feast,tfeasta1@bloomberg.com,Male,206.131.132.66
363,Blondy,Silbersak,bsilbersaka2@statcounter.com,Female,232.3.58.236
364,Abbe,Feldbau,afeldbaua3@nifty.com,Male,79.156.125.100
365,Barry,Mort,bmorta4@economist.com,Female,86.8.218.228
366,Gleda,Kerswell,gkerswella5@networkadvertising.org,Female,65.196.0.36
367,Bunni,Myatt,bmyatta6@clickbank.net,Female,190.184.116.252
368,Hale,Mackerel,hmackerela7@engadget.com,Male,212.84.64.133
369,Tommie,Walworth,twalwortha8@trellian.com,Female,71.251.134.44
370,Faydra,Johnston,fjohnstona9@earthlink.net,Female,192.126.68.22
371,Adela,Kirckman,akirckmanaa@ameblo.jp,Female,15.243.216.100
372,Turner,Davydzenko,tdavydzenkoab@i2i.jp,Male,5.89.139.214
373,Theda,Valsler,tvalslerac@google.fr,Female,209.158.247.207
374,Glenda,O'Fallone,gofallonead@sbwire.com,Female,73.229.134.16
375,Sonya,Hirth,shirthae@virginia.edu,Female,213.238.104.44
376,Adrian,Brackley,abrackleyaf@virginia.edu,Female,226.39.46.127
377,Linoel,Turneux,lturneuxag@smugmug.com,Male,232.136.126.51
378,Law,Matuszak,lmatuszakah@merriam-webster.com,Male,113.190.111.76
379,Hamel,Byrde,hbyrdeai@oracle.com,Male,158.53.106.90
380,Lonnard,Fasson,lfassonaj@cyberchimps.com,Male,151.198.251.105
381,Myrtle,Cutmore,mcutmoreak@yahoo.co.jp,Female,171.8.134.42
382,Sonnnie,Olanda,solandaal@zimbio.com,Female,106.130.107.27
383,Rozele,Ashbee,rashbeeam@sina.com.cn,Female,196.241.224.68
384,Julius,Rubel,jrubelan@w3.org,Male,185.81.98.72
385,Clara,Woof,cwoofao@redcross.org,Female,68.49.68.52
386,Stevie,Leveritt,sleverittap@google.it,Male,173.156.165.26
387,Roxi,Leather,rleatheraq@studiopress.com,Female,218.26.195.13
388,Margaux,Middlewick,mmiddlewickar@nifty.com,Female,39.97.20.106
389,Devinne,Reboulet,drebouletas@china.com.cn,Female,182.170.225.253
390,Wendall,Saffer,wsafferat@nps.gov,Male,118.22.33.181
391,Randi,Grigolli,rgrigolliau@twitpic.com,Female,6.160.107.147
392,Jamey,Guiducci,jguiducciav@indiegogo.com,Male,194.126.74.180
393,Felice,Latliff,flatliffaw@google.cn,Female,161.37.106.169
394,Saidee,Eaklee,seakleeax@slideshare.net,Female,95.199.92.114
395,Jandy,Jobin,jjobinay@google.pl,Female,187.2.1.250
396,Thibaut,Lavalle,tlavalleaz@feedburner.com,Male,153.255.194.101
397,Lottie,Jancar,ljancarb0@discovery.com,Female,85.183.71.24
398,Rogers,Medcraft,rmedcraftb1@noaa.gov,Male,208.62.4.125
399,Edan,Sainte Paul,esaintepaulb2@goo.ne.jp,Male,29.43.67.99
400,Wallace,Weeds,wweedsb3@blogs.com,Male,219.230.98.111
401,Jehanna,Bradnocke,jbradnockeb4@theatlantic.com,Female,119.200.116.14
402,Laurence,Lofts,lloftsb5@issuu.com,Male,152.76.133.251
403,Reena,Catterson,rcattersonb6@devhub.com,Female,79.212.64.245
404,Mac,Baldery,mbalderyb7@amazonaws.com,Male,10.176.27.49
405,Roderigo,De Vaan,rdevaanb8@vk.com,Male,47.4.145.177
406,Lynn,Pfertner,lpfertnerb9@goo.gl,Female,128.154.199.36
407,Agata,Coad,acoadba@clickbank.net,Female,134.52.91.150
408,Banky,Blindt,bblindtbb@t.co,Male,42.91.142.111
409,Aluin,Vannuchi,avannuchibc@dropbox.com,Male,51.254.96.239
410,Trudy,Hearmon,thearmonbd@ed.gov,Female,175.10.252.77
411,Prince,Grinnov,pgrinnovbe@nifty.com,Male,134.102.151.76
412,Valeria,Moxsom,vmoxsombf@qq.com,Female,126.205.246.204
413,Sergent,Biers,sbiersbg@yandex.ru,Male,175.181.215.106
414,Darla,Stratley,dstratleybh@liveinternet.ru,Female,225.4.22.32
415,Cindra,Teager,cteagerbi@msn.com,Female,101.58.14.22
416,Corinna,Lammenga,clammengabj@msn.com,Female,184.12.44.138
417,Glyn,Josselsohn,gjosselsohnbk@upenn.edu,Female,53.254.137.45
418,Arline,Bricklebank,abricklebankbl@liveinternet.ru,Female,155.132.35.233
419,Alain,Elderbrant,aelderbrantbm@free.fr,Male,6.47.17.223
420,Daryle,Ranby,dranbybn@merriam-webster.com,Male,244.198.54.177
421,Sharline,Bonavia,sbonaviabo@about.me,Female,242.192.222.183
422,David,Banasiak,dbanasiakbp@flavors.me,Male,1.177.252.142
423,Nance,Brand,nbrandbq@prweb.com,Female,97.196.34.39
424,Tresa,Showers,tshowersbr@acquirethisname.com,Female,193.52.40.211
425,Junina,Sheal,jshealbs@cnet.com,Female,137.43.68.28
426,Bondie,Witten,bwittenbt@people.com.cn,Male,250.226.194.225
427,Loralie,Padwick,lpadwickbu@1und1.de,Female,215.237.255.154
428,Shay,Dunn,sdunnbv@netvibes.com,Female,235.183.133.127
429,Marjory,Galbreath,mgalbreathbw@so-net.ne.jp,Female,179.86.207.185
430,Howey,Grishaev,hgrishaevbx@unicef.org,Male,164.251.179.221
431,Cecilius,Normant,cnormantby@phpbb.com,Male,39.42.165.47
432,Annmaria,Irlam,airlambz@mysql.com,Female,206.177.159.87
433,Amelie,Congrave,acongravec0@bloglovin.com,Female,30.79.61.175
434,Rik,Pimlock,rpimlockc1@java.com,Male,72.221.117.248
435,Sharai,Sterland,ssterlandc2@altervista.org,Female,83.174.173.56
436,Jimmy,Skeates,jskeatesc3@chronoengine.com,Male,171.75.54.136
437,Rickie,Isacke,risackec4@wisc.edu,Female,111.167.149.190
438,Wally,Tysack,wtysackc5@nydailynews.com,Female,91.81.18.117
439,Shirlee,Urlin,surlinc6@freewebs.com,Female,216.181.230.144
440,Harlene,Mannooch,hmannoochc7@technorati.com,Female,17.237.80.139
441,Pattin,Caldron,pcaldronc8@mayoclinic.com,Male,109.86.49.138
442,Kip,Anwell,kanwellc9@lycos.com,Male,195.53.181.209
443,Quinlan,Jenks,qjenksca@stanford.edu,Male,216.17.182.32
444,Elwood,Ekkel,eekkelcb@vk.com,Male,97.15.118.40
445,Nanette,Borg-Bartolo,nborgbartolocc@mediafire.com,Female,130.209.114.113
446,Sianna,Stratiff,sstratiffcd@eepurl.com,Female,79.146.165.134
447,Gallard,Biggar,gbiggarce@imgur.com,Male,249.34.95.4
448,Benjamen,Chittock,bchittockcf@hc360.com,Male,209.147.172.231
449,Johanna,Cashell,jcashellcg@linkedin.com,Female,237.146.5.231
450,Susannah,Woodrow,swoodrowch@chronoengine.com,Female,33.45.243.13
451,Quincy,Fairholme,qfairholmeci@ft.com,Male,53.117.76.37
452,Audi,Pashba,apashbacj@salon.com,Female,110.130.65.149
453,Odey,Cariss,ocarissck@wordpress.org,Male,238.114.36.15
454,Bogey,Treagust,btreagustcl@ebay.co.uk,Male,168.177.240.29
455,Clemente,Herety,cheretycm@bing.com,Male,202.70.114.216
456,Edy,Minci,emincicn@youtube.com,Female,114.135.98.51
457,Michaelina,Caccavella,mcaccavellaco@whitehouse.gov,Female,104.110.227.38
458,Ebenezer,Uff,euffcp@merriam-webster.com,Male,182.231.2.149
459,Kessia,Caws,kcawscq@nhs.uk,Female,199.252.235.126
460,Edik,Brouard,ebrouardcr@cnbc.com,Male,100.208.98.50
461,Eugenia,Ludman,eludmancs@washingtonpost.com,Female,121.88.128.124
462,Amie,Fellenor,afellenorct@opera.com,Female,97.94.203.27
463,Christin,Gitting,cgittingcu@mlb.com,Female,23.100.79.29
464,Joann,Trevorrow,jtrevorrowcv@bloglovin.com,Female,216.89.20.143
465,Celisse,Championnet,cchampionnetcw@liveinternet.ru,Female,6.9.135.201
466,Millicent,Darke,mdarkecx@wikipedia.org,Female,142.40.196.218
467,Michelle,Sibley,msibleycy@columbia.edu,Female,154.22.73.170
468,Birk,Corran,bcorrancz@soundcloud.com,Male,13.246.104.81
469,Carolynn,Claxton,cclaxtond0@123-reg.co.uk,Female,55.143.23.136
470,Darya,Bertomeu,dbertomeud1@netvibes.com,Female,60.34.216.61
471,Kipper,Jopp,kjoppd2@lycos.com,Male,110.56.173.70
472,Adolphus,Borwick,aborwickd3@desdev.cn,Male,137.205.194.205
473,Tibold,Brazenor,tbrazenord4@friendfeed.com,Male,217.116.157.251
474,Powell,Carne,pcarned5@mac.com,Male,50.106.28.21
475,Junia,Bruneau,jbruneaud6@facebook.com,Female,140.36.252.142
476,Addy,Vahey,avaheyd7@hubpages.com,Male,44.170.71.37
477,Danika,Sollime,dsollimed8@mysql.com,Female,65.17.241.20
478,Winn,Tzarkov,wtzarkovd9@google.co.uk,Male,85.148.122.177
479,Alonzo,Cruden,acrudenda@google.nl,Male,21.26.213.223
480,Maxwell,Buckthorpe,mbuckthorpedb@noaa.gov,Male,228.190.79.117
481,Willie,Vakhonin,wvakhonindc@goodreads.com,Male,76.158.116.153
482,Olly,Burgane,oburganedd@guardian.co.uk,Female,89.57.145.24
483,Britt,Eingerfield,beingerfieldde@addthis.com,Female,130.169.229.93
484,Roda,Macken,rmackendf@mac.com,Female,145.123.52.177
485,Reena,Dykas,rdykasdg@foxnews.com,Female,55.124.84.124
486,Anny,Maskill,amaskilldh@mayoclinic.com,Female,126.174.153.118
487,Josy,Learman,jlearmandi@1688.com,Female,63.36.203.208
488,Laurena,Probart,lprobartdj@twitter.com,Female,15.94.99.68
489,Benn,Tupie,btupiedk@columbia.edu,Male,135.40.19.110
490,Harrie,Tebbut,htebbutdl@engadget.com,Female,117.45.125.187
491,Breena,Wolfinger,bwolfingerdm@wix.com,Female,98.196.52.13
492,Nicola,Searston,nsearstondn@constantcontact.com,Male,155.93.127.24
493,Cirilo,Killwick,ckillwickdo@dot.gov,Male,143.227.141.83
494,Gradey,Garrioch,ggarriochdp@desdev.cn,Male,232.207.221.145
495,Elijah,Manners,emannersdq@desdev.cn,Male,77.42.34.88
496,Bealle,Giveen,bgiveendr@ask.com,Male,3.7.114.175
497,Pryce,Currin,pcurrinds@t-online.de,Male,97.248.234.197
498,Elke,Janeczek,ejaneczekdt@e-recht24.de,Female,103.220.29.17
499,Gregorio,Inder,ginderdu@nasa.gov,Male,125.123.32.18
500,Whittaker,McNeachtain,wmcneachtaindv@booking.com,Male,3.32.209.66
501,Brewer,Yarranton,byarrantondw@guardian.co.uk,Male,5.147.209.117
502,Winnifred,Charon,wcharondx@prlog.org,Female,76.0.17.112
503,Gothart,Ferrers,gferrersdy@4shared.com,Male,224.217.69.5
504,Lyle,O'Dwyer,lodwyerdz@wp.com,Male,250.198.96.130
505,Annice,Findon,afindone0@intel.com,Female,223.233.49.230
506,Westleigh,Tompkiss,wtompkisse1@meetup.com,Male,197.112.93.6
507,Brent,Randleson,brandlesone2@opensource.org,Male,154.176.57.132
508,Archie,Oles,aolese3@fc2.com,Male,108.181.81.223
509,Terra,Dalglish,tdalglishe4@cbslocal.com,Female,13.64.159.20
510,Rolfe,Swaffield,rswaffielde5@odnoklassniki.ru,Male,235.191.74.215
511,Claresta,Wallen,cwallene6@tuttocitta.it,Female,253.189.27.83
512,Devi,Iddison,diddisone7@quantcast.com,Female,44.167.131.176
513,Fidela,Cowtherd,fcowtherde8@ask.com,Female,72.16.214.34
514,Lorne,Iddison,liddisone9@technorati.com,Male,242.246.105.127
515,Abdul,Purse,apurseea@arizona.edu,Male,206.16.173.181
516,Al,Spiniello,aspinielloeb@zimbio.com,Male,141.19.23.190
517,Cly,Buret,cburetec@wordpress.com,Male,99.78.226.77
518,Guillaume,Calleja,gcallejaed@macromedia.com,Male,193.145.71.192
519,Stuart,Iamittii,siamittiiee@over-blog.com,Male,154.130.207.131
520,Puff,Wildblood,pwildbloodef@myspace.com,Male,204.4.12.211
521,Shandie,Avrahamy,savrahamyeg@cloudflare.com,Female,0.62.37.44
522,Jephthah,Bramble,jbrambleeh@ask.com,Male,194.80.57.201
523,Kassie,Arnoult,karnoultei@foxnews.com,Female,93.175.112.103
524,Marlee,Knell,mknellej@usatoday.com,Female,254.35.138.132
525,Bartie,Costello,bcostelloek@eventbrite.com,Male,13.124.116.236
526,Roobbie,Lamplugh,rlamplughel@go.com,Female,135.172.162.189
527,Hartwell,Pendergrast,hpendergrastem@yolasite.com,Male,148.167.94.133
528,Forrester,Sizeland,fsizelanden@hostgator.com,Male,54.60.168.14
529,Kenton,Cratchley,kcratchleyeo@kickstarter.com,Male,106.201.110.22
530,Jan,Grima,jgrimaep@pcworld.com,Female,249.145.141.71
531,Hagen,Thoumasson,hthoumassoneq@blinklist.com,Male,4.56.217.238
532,Terrell,Sadgrove,tsadgroveer@ovh.net,Male,225.201.255.97
533,Fairleigh,Gittoes,fgittoeses@nature.com,Male,159.255.216.207
534,Emmery,McInnery,emcinneryet@businessinsider.com,Male,150.255.107.48
535,Wilma,Cosin,wcosineu@gov.uk,Female,11.195.254.25
536,Nolly,Coon,ncoonev@cocolog-nifty.com,Male,52.201.103.229
537,Mannie,Cypler,mcyplerew@hexun.com,Male,116.172.253.96
538,Graig,Scamadine,gscamadineex@vkontakte.ru,Male,37.162.38.107
539,Amabelle,McCoole,amccooleey@freewebs.com,Female,53.239.98.22
540,Marinna,Brunelleschi,mbrunelleschiez@nydailynews.com,Female,165.48.142.144
541,Kippar,Saffill,ksaffillf0@seattletimes.com,Male,30.188.198.161
542,Peggie,Borres,pborresf1@lulu.com,Female,139.160.200.70
543,Francis,Coller,fcollerf2@paginegialle.it,Male,207.159.42.209
544,Carter,Liver,cliverf3@paginegialle.it,Male,134.50.41.24
545,Warren,Dalgarnocht,wdalgarnochtf4@reverbnation.com,Male,127.54.224.191
546,Carmine,Egarr,cegarrf5@hexun.com,Female,125.216.30.95
547,Marja,Godbald,mgodbaldf6@ustream.tv,Female,92.136.39.14
548,Prissie,Feldmus,pfeldmusf7@netlog.com,Female,191.97.255.130
549,Franny,Berriman,fberrimanf8@walmart.com,Female,92.174.215.228
550,Mag,Dorrity,mdorrityf9@w3.org,Female,54.231.193.130
551,Reinaldo,Lavigne,rlavignefa@hatena.ne.jp,Male,19.156.233.201
552,Gale,Snugg,gsnuggfb@pbs.org,Female,240.155.81.169
553,Yalonda,Gatch,ygatchfc@go.com,Female,21.176.170.91
554,Alene,Caesmans,acaesmansfd@google.com.au,Female,42.16.126.75
555,Madelon,Cornborough,mcornboroughfe@mapy.cz,Female,106.74.193.56
556,Margery,Surgey,msurgeyff@mlb.com,Female,140.183.175.99
557,Deerdre,Arendsen,darendsenfg@alexa.com,Female,215.92.39.160
558,Ronald,Twelves,rtwelvesfh@businessweek.com,Male,86.66.138.144
559,Glen,Golland,ggollandfi@wp.com,Male,226.90.244.219
560,Zsa zsa,Gaymer,zgaymerfj@ebay.com,Female,253.170.120.97
561,Gracia,MacGillavery,gmacgillaveryfk@yelp.com,Female,8.207.63.116
562,Woodie,Terese,wteresefl@hao123.com,Male,189.17.211.179
563,Sacha,Clewley,sclewleyfm@reference.com,Female,131.158.130.196
564,Korie,Storck,kstorckfn@imageshack.us,Female,165.54.144.57
565,Elicia,Dudding,eduddingfo@wikispaces.com,Female,231.91.44.33
566,Samara,Archbald,sarchbaldfp@edublogs.org,Female,99.216.17.117
567,Niles,Casaccio,ncasacciofq@360.cn,Male,2.169.119.254
568,Alicia,Yarwood,ayarwoodfr@ihg.com,Female,182.29.132.205
569,Uriel,McCosh,umccoshfs@mayoclinic.com,Male,214.185.197.243
570,Rebbecca,Lethcoe,rlethcoeft@hao123.com,Female,8.144.239.17
571,Darice,Rennles,drennlesfu@mapy.cz,Female,103.76.76.146
572,Clerkclaude,Cossell,ccossellfv@topsy.com,Male,146.209.168.55
573,Rickey,Kiernan,rkiernanfw@cbc.ca,Male,36.245.47.132
574,Maddy,Lambersen,mlambersenfx@creativecommons.org,Female,99.172.107.142
575,Chilton,Arndt,carndtfy@netscape.com,Male,60.43.76.161
576,Warden,Brisley,wbrisleyfz@indiatimes.com,Male,59.219.224.12
577,Winnifred,Falla,wfallag0@mayoclinic.com,Female,174.218.246.118
578,Annabelle,Hully,ahullyg1@alibaba.com,Female,168.18.247.72
579,Ferdy,Cumbers,fcumbersg2@aol.com,Male,141.128.181.129
580,Gabbi,Tassaker,gtassakerg3@nature.com,Female,230.222.92.83
581,Leupold,Tomkin,ltomking4@prnewswire.com,Male,170.138.66.166
582,Zebulen,Tofpik,ztofpikg5@typepad.com,Male,128.210.155.74
583,Stacy,Windrass,swindrassg6@newyorker.com,Female,73.42.233.182
584,Marga,Peagram,mpeagramg7@example.com,Female,124.128.146.154
585,Grannie,Kassidy,gkassidyg8@google.ru,Male,249.107.150.197
586,El,Ronaldson,eronaldsong9@stumbleupon.com,Male,222.248.179.141
587,Sawyer,Vidgeon,svidgeonga@1688.com,Male,163.103.93.205
588,Joceline,Sheldrake,jsheldrakegb@hibu.com,Female,149.58.215.20
589,Bond,Kays,bkaysgc@sogou.com,Male,218.207.25.22
590,Sherlock,Van Arsdall,svanarsdallgd@smugmug.com,Male,162.8.79.33
591,Yule,MacCarter,ymaccarterge@npr.org,Male,114.202.83.128
592,Sly,Baume,sbaumegf@parallels.com,Male,19.42.48.163
593,Link,Kightly,lkightlygg@shop-pro.jp,Male,27.154.58.165
594,Eda,Masseo,emasseogh@mail.ru,Female,64.146.186.154
595,Rheta,Rhule,rrhulegi@slashdot.org,Female,196.213.56.255
596,Travis,Gradon,tgradongj@guardian.co.uk,Male,192.223.39.198
597,Rand,Garbar,rgarbargk@phoca.cz,Male,40.76.212.29
598,Colene,Dafydd,cdafyddgl@wisc.edu,Female,250.231.215.62
599,Jordan,Crossfield,jcrossfieldgm@disqus.com,Female,68.168.190.219
600,Danika,Walsham,dwalshamgn@t.co,Female,133.75.175.122
601,Francois,Runnacles,frunnaclesgo@virginia.edu,Male,12.176.98.220
602,Guglielma,Willishire,gwillishiregp@creativecommons.org,Female,63.41.164.106
603,Marcellina,Targett,mtargettgq@sun.com,Female,143.227.227.41
604,Manny,Geerling,mgeerlinggr@umn.edu,Male,19.36.148.233
605,Trude,Rainger,traingergs@abc.net.au,Female,169.247.240.231
606,Rosabel,Antonomoli,rantonomoligt@aol.com,Female,4.178.72.99
607,Hallie,Zollner,hzollnergu@nba.com,Female,75.228.132.95
608,Maddie,Blaschek,mblaschekgv@nhs.uk,Male,34.179.67.122
609,Otis,Pavy,opavygw@purevolume.com,Male,155.148.31.154
610,Jim,Gilhool,jgilhoolgx@fema.gov,Male,248.199.239.60
611,Jorge,Dunsire,jdunsiregy@craigslist.org,Male,112.216.66.168
612,Sosanna,Glading,sgladinggz@thetimes.co.uk,Female,177.20.95.237
613,Carroll,Burgher,cburgherh0@intel.com,Female,54.236.24.134
614,Austin,Cossell,acossellh1@shinystat.com,Male,55.90.164.17
615,Courtenay,Cobello,ccobelloh2@prweb.com,Female,111.146.0.139
616,Obie,Alesio,oalesioh3@whitehouse.gov,Male,49.76.199.224
617,Etheline,Kewzick,ekewzickh4@cornell.edu,Female,2.80.177.176
618,Clarence,MacGettigen,cmacgettigenh5@feedburner.com,Male,112.182.58.247
619,Shane,Walklott,swalklotth6@toplist.cz,Male,68.149.100.233
620,Roxy,Robus,rrobush7@youtube.com,Female,112.30.251.144
621,Raina,Plumstead,rplumsteadh8@hibu.com,Female,122.19.110.246
622,Alis,Geal,agealh9@lulu.com,Female,237.240.135.184
623,Cleo,Iggo,ciggoha@friendfeed.com,Female,177.209.55.26
624,Nevins,Wastell,nwastellhb@weebly.com,Male,252.82.188.206
625,Sharity,Itzcovich,sitzcovichhc@buzzfeed.com,Female,192.98.83.0
626,Beatrix,Murrell,bmurrellhd@imgur.com,Female,254.254.135.14
627,Engracia,Gatchell,egatchellhe@aboutads.info,Female,150.190.18.129
628,Herc,Peggrem,hpeggremhf@psu.edu,Male,124.186.86.196
629,Lutero,Farbrother,lfarbrotherhg@un.org,Male,217.202.40.20
630,Maje,Pilger,mpilgerhh@wix.com,Male,69.250.197.142
631,Sloan,Harridge,sharridgehi@domainmarket.com,Male,36.60.186.172
632,Darn,Schaffler,dschafflerhj@google.de,Male,78.251.226.239
633,Yule,Liepmann,yliepmannhk@salon.com,Male,190.252.94.227
634,Tybie,Giordano,tgiordanohl@newsvine.com,Female,2.30.19.79
635,Anselma,Alexandre,aalexandrehm@alexa.com,Female,49.76.226.228
636,Malinda,McConnachie,mmcconnachiehn@ebay.com,Female,117.97.44.243
637,Arnie,Sendall,asendallho@1688.com,Male,26.2.232.215
638,Casper,Philippet,cphilippethp@go.com,Male,222.219.139.53
639,Brigham,Soames,bsoameshq@123-reg.co.uk,Male,15.147.129.40
640,Fairfax,Brunotti,fbrunottihr@list-manage.com,Male,115.193.190.138
641,Bentley,Deakins,bdeakinshs@rediff.com,Male,207.232.215.112
642,Cindra,Room,croomht@nymag.com,Female,222.18.151.18
643,Crissy,Kempster,ckempsterhu@drupal.org,Female,44.162.120.97
644,Cullan,Corlett,ccorletthv@etsy.com,Male,126.106.61.200
645,Reginauld,Briand,rbriandhw@abc.net.au,Male,124.132.35.143
646,Luise,Monery,lmoneryhx@icio.us,Female,143.106.101.197
647,Nolly,Civitillo,ncivitillohy@ucsd.edu,Male,188.7.252.21
648,Kay,Legendre,klegendrehz@bluehost.com,Female,188.233.201.27
649,Ernest,Plaskitt,eplaskitti0@facebook.com,Male,92.162.33.251
650,Babara,McAw,bmcawi1@tamu.edu,Female,54.116.14.128
651,Gayelord,Merredy,gmerredyi2@ibm.com,Male,0.24.99.111
652,Helen-elizabeth,McNickle,hmcnicklei3@smh.com.au,Female,177.162.154.208
653,Briny,Antoniewski,bantoniewskii4@reddit.com,Female,21.239.77.238
654,Alistair,Tunna,atunnai5@who.int,Male,171.83.40.193
655,Catrina,Truckett,ctrucketti6@telegraph.co.uk,Female,140.21.199.70
656,Gale,Attack,gattacki7@a8.net,Male,79.68.181.171
657,Lacee,Piggford,lpiggfordi8@answers.com,Female,63.126.173.129
658,Waly,Whorall,wwhoralli9@techcrunch.com,Female,136.158.143.55
659,Heindrick,Maffione,hmaffioneia@latimes.com,Male,182.234.24.227
660,Gaby,Plenty,gplentyib@bloomberg.com,Female,174.238.85.226
661,Gard,Braunle,gbraunleic@furl.net,Male,123.86.179.245
662,Elvin,Boutellier,eboutellierid@php.net,Male,139.94.43.219
663,Thomasa,Goodbarr,tgoodbarrie@google.it,Female,180.111.3.99
664,Nelle,Pinnijar,npinnijarif@digg.com,Female,92.189.155.19
665,Herminia,Sankey,hsankeyig@vkontakte.ru,Female,2.138.118.104
666,Chere,Rohan,crohanih@state.tx.us,Female,197.82.75.63
667,Pietro,Braithwaite,pbraithwaiteii@booking.com,Male,51.191.117.116
668,Daniele,Darbishire,ddarbishireij@live.com,Female,15.72.76.193
669,Krispin,Verrechia,kverrechiaik@bandcamp.com,Male,75.186.20.180
670,Cherin,O'Halligan,cohalliganil@exblog.jp,Female,238.103.1.9
671,Derrick,Goodliffe,dgoodliffeim@wordpress.com,Male,106.49.140.13
672,Aurora,Brombell,abrombellin@miibeian.gov.cn,Female,95.217.228.50
673,Glennie,Carder,gcarderio@berkeley.edu,Female,137.141.167.136
674,Stanislaus,Mottinelli,smottinelliip@google.es,Male,204.126.201.82
675,Elsbeth,Fossick,efossickiq@amazon.co.uk,Female,81.174.91.147
676,Koressa,Pack,kpackir@mysql.com,Female,139.128.13.48
677,Roddie,Vasilik,rvasilikis@naver.com,Male,118.207.70.54
678,Fran,Crowder,fcrowderit@dot.gov,Male,94.111.115.20
679,Keely,Ridolfo,kridolfoiu@ibm.com,Female,27.154.0.244
680,Buck,Delamar,bdelamariv@wikimedia.org,Male,247.194.36.79
681,Benedetto,Dengel,bdengeliw@unc.edu,Male,15.175.191.205
682,Lonna,Grayne,lgrayneix@aboutads.info,Female,36.156.154.68
683,Cookie,Almeida,calmeidaiy@tumblr.com,Female,122.211.114.189
684,Mabelle,Bodman,mbodmaniz@cyberchimps.com,Female,73.159.115.107
685,Brig,Cunnah,bcunnahj0@is.gd,Male,238.253.6.159
686,Freedman,Brasier,fbrasierj1@is.gd,Male,219.206.157.11
687,Angie,Iozefovich,aiozefovichj2@cnet.com,Male,34.177.157.95
688,Bellina,Marchbank,bmarchbankj3@europa.eu,Female,223.245.205.1
689,Lothaire,Ludee,lludeej4@skyrock.com,Male,164.141.146.67
690,Britni,Dinzey,bdinzeyj5@joomla.org,Female,47.62.1.11
691,Jim,Gehrels,jgehrelsj6@intel.com,Male,67.203.211.99
692,Archibaldo,Renac,arenacj7@photobucket.com,Male,20.31.240.75
693,Leanora,Ingleson,linglesonj8@google.com.br,Female,2.75.30.173
694,Alfons,Greenhall,agreenhallj9@hp.com,Male,80.18.71.152
695,Ram,Frary,rfraryja@mail.ru,Male,60.128.216.181
696,Shellie,Blazejewski,sblazejewskijb@jalbum.net,Female,205.235.101.118
697,Rene,Clausen,rclausenjc@qq.com,Male,236.31.104.110
698,Demeter,Peckham,dpeckhamjd@plala.or.jp,Female,216.123.188.115
699,Hilton,Feldmann,hfeldmannje@creativecommons.org,Male,254.146.150.154
700,Corinne,Pellman,cpellmanjf@bbb.org,Female,235.156.6.219
701,Natassia,Barrows,nbarrowsjg@myspace.com,Female,181.229.91.237
702,Aluino,MacTimpany,amactimpanyjh@cafepress.com,Male,54.112.194.151
703,Kristine,Nealy,knealyji@samsung.com,Female,71.80.215.253
704,Lindsey,Trimmill,ltrimmilljj@live.com,Male,247.121.29.13
705,Marigold,Langeren,mlangerenjk@marriott.com,Female,8.205.150.245
706,Oby,Furman,ofurmanjl@newsvine.com,Male,61.46.243.116
707,Olvan,Squirrel,osquirreljm@i2i.jp,Male,255.132.88.65
708,Dorine,Chrestien,dchrestienjn@harvard.edu,Female,187.146.223.198
709,Dorita,Ferrettino,dferrettinojo@alexa.com,Female,50.196.91.137
710,Florie,Storry,fstorryjp@comcast.net,Female,22.194.168.162
711,Maryjane,Pallaske,mpallaskejq@addthis.com,Female,188.125.143.15
712,Eugen,Tuxwell,etuxwelljr@deviantart.com,Male,238.149.188.118
713,Felike,Olivie,foliviejs@wikispaces.com,Male,110.189.50.118
714,Vita,Skunes,vskunesjt@altervista.org,Female,250.109.118.163
715,Dennison,Matusiak,dmatusiakju@ucoz.ru,Male,194.166.237.100
716,Corrie,Ducker,cduckerjv@sohu.com,Male,82.238.35.105
717,Sheridan,Dennert,sdennertjw@1und1.de,Male,119.117.174.179
718,Raquel,Rassell,rrasselljx@auda.org.au,Female,198.232.148.41
719,Gale,Cooke,gcookejy@technorati.com,Female,227.182.66.20
720,Eugen,Rubinsky,erubinskyjz@qq.com,Male,37.138.185.203
721,Lydie,Dorning,ldorningk0@myspace.com,Female,221.146.20.79
722,Adah,McWilliam,amcwilliamk1@icio.us,Female,18.133.51.226
723,Ximenes,Tubble,xtubblek2@google.com,Male,97.5.63.249
724,Devy,Depke,ddepkek3@baidu.com,Male,87.176.196.176
725,Gretal,Surmon,gsurmonk4@scientificamerican.com,Female,115.14.30.251
726,Jolynn,Rivitt,jrivittk5@prweb.com,Female,234.117.111.50
727,Lindsey,English,lenglishk6@sakura.ne.jp,Male,255.125.86.77
728,Dana,Leate,dleatek7@bbc.co.uk,Male,110.41.248.248
729,Willem,Fiander,wfianderk8@theguardian.com,Male,217.249.35.40
730,Eldin,Forten,efortenk9@behance.net,Male,46.208.220.64
731,Ryley,Gwinnell,rgwinnellka@t-online.de,Male,19.102.36.253
732,Meggy,Mitham,mmithamkb@reuters.com,Female,164.148.17.110
733,Conrad,Mees,cmeeskc@jiathis.com,Male,63.5.128.205
734,Tallie,Chappelow,tchappelowkd@ibm.com,Female,31.170.194.57
735,Georgeanna,Ibbitt,gibbittke@acquirethisname.com,Female,196.141.9.172
736,Filippo,Jeffryes,fjeffryeskf@house.gov,Male,12.177.12.197
737,Elvira,Duckinfield,educkinfieldkg@so-net.ne.jp,Female,19.218.158.66
738,Mead,Lagde,mlagdekh@google.co.jp,Male,209.161.245.44
739,Domenic,McMenamin,dmcmenaminki@51.la,Male,144.3.126.232
740,Millie,Thickpenny,mthickpennykj@phpbb.com,Female,25.187.221.198
741,Farris,Fraczek,ffraczekkk@walmart.com,Male,206.219.166.169
742,Doria,Keelinge,dkeelingekl@blogs.com,Female,55.172.250.135
743,Dillie,Pilmoor,dpilmoorkm@woothemes.com,Male,250.138.55.70
744,Gillie,Erskin,gerskinkn@blogs.com,Female,48.81.128.106
745,Sula,McConachie,smcconachieko@sphinn.com,Female,179.91.148.254
746,Daphene,Turmall,dturmallkp@360.cn,Female,148.97.220.123
747,Emalee,Rengger,erenggerkq@slideshare.net,Female,161.106.13.17
748,Jared,Waylen,jwaylenkr@opera.com,Male,89.61.57.236
749,Britte,Lansdown,blansdownks@ovh.net,Female,240.208.56.31
750,Douglass,Venard,dvenardkt@spiegel.de,Male,150.47.199.81
751,Neville,Elward,nelwardku@sbwire.com,Male,207.121.183.141
752,Shaylyn,Ringham,sringhamkv@xing.com,Female,157.140.2.94
753,Ervin,Ilive,eilivekw@geocities.com,Male,178.64.186.228
754,Julia,Mayfield,jmayfieldkx@sogou.com,Female,42.48.107.166
755,Marris,Fordyce,mfordyceky@wiley.com,Female,215.208.137.239
756,Keri,Colbrun,kcolbrunkz@youku.com,Female,95.142.21.153
757,Tommy,Ketteman,tkettemanl0@miibeian.gov.cn,Male,164.18.72.152
758,Lil,Prodrick,lprodrickl1@ocn.ne.jp,Female,208.132.241.148
759,Levi,Lowther,llowtherl2@berkeley.edu,Male,248.181.158.26
760,Aaren,Humber,ahumberl3@netscape.com,Female,192.122.168.50
761,Glen,Thackeray,gthackerayl4@bing.com,Male,157.21.249.140
762,Jacquenette,Rickert,jrickertl5@ucla.edu,Female,211.106.96.201
763,Kaia,Carff,kcarffl6@123-reg.co.uk,Female,81.108.150.92
764,Lucine,Rollason,lrollasonl7@rambler.ru,Female,48.140.115.248
765,Libbi,Allnatt,lallnattl8@tamu.edu,Female,75.122.231.57
766,Pate,McGhie,pmcghiel9@cnn.com,Male,23.66.164.214
767,Kristian,Manville,kmanvillela@friendfeed.com,Male,200.108.183.143
768,Evey,Sambles,esambleslb@tmall.com,Female,62.197.134.79
769,Urbano,McCafferky,umccafferkylc@sun.com,Male,21.13.94.217
770,Lindsey,Straughan,lstraughanld@washingtonpost.com,Female,137.120.178.14
771,Purcell,Skipp,pskipple@lulu.com,Male,23.250.35.253
772,Gabriel,Aldham,galdhamlf@chron.com,Male,1.26.244.29
773,Julie,Callf,jcallflg@goodreads.com,Male,38.252.80.87
774,Ardyth,Sterland,asterlandlh@yandex.ru,Female,18.116.169.6
775,Georges,Begbie,gbegbieli@economist.com,Male,94.152.124.143
776,Rosette,McGovern,rmcgovernlj@dion.ne.jp,Female,133.124.9.26
777,Germaine,Ponnsett,gponnsettlk@t-online.de,Male,182.87.27.54
778,Deborah,Whittenbury,dwhittenburyll@scientificamerican.com,Female,5.247.205.168
779,Kathlin,Birdsall,kbirdsalllm@google.nl,Female,21.168.124.46
780,Leona,Northbridge,lnorthbridgeln@cyberchimps.com,Female,209.47.122.213
781,Sharl,Jozwiak,sjozwiaklo@i2i.jp,Female,223.227.213.42
782,Haskel,Braime,hbraimelp@comcast.net,Male,43.39.151.252
783,Thorpe,Haythorne,thaythornelq@friendfeed.com,Male,252.6.10.193
784,Ransom,Costen,rcostenlr@google.cn,Male,166.151.179.46
785,Natalya,Paule,npaulels@paypal.com,Female,117.177.245.172
786,Edik,Hurburt,ehurburtlt@canalblog.com,Male,51.206.210.149
787,Peder,Lindman,plindmanlu@hubpages.com,Male,215.180.192.143
788,Teodor,Bessant,tbessantlv@forbes.com,Male,30.84.173.183
789,Alicea,Sherman,ashermanlw@oakley.com,Female,201.189.147.189
790,Gerrilee,Gurnay,ggurnaylx@cbsnews.com,Female,25.14.61.159
791,Upton,Wegener,uwegenerly@comcast.net,Male,120.170.216.135
792,Kahaleel,Darlow,kdarlowlz@amazon.de,Male,116.102.141.181
793,Dominique,Haxell,dhaxellm0@addtoany.com,Female,30.133.225.113
794,Ardene,Coolahan,acoolahanm1@aol.com,Female,187.33.72.64
795,Isis,Fennessy,ifennessym2@oaic.gov.au,Female,129.176.222.217
796,Edmund,Brigham,ebrighamm3@clickbank.net,Male,104.130.30.86
797,Pedro,Goretti,pgorettim4@accuweather.com,Male,94.119.130.209
798,Gennie,Hould,ghouldm5@cocolog-nifty.com,Female,9.56.70.132
799,Obadiah,Pulsford,opulsfordm6@rakuten.co.jp,Male,27.11.234.167
800,Nap,McGarvey,nmcgarveym7@shinystat.com,Male,27.138.130.99
801,Mordecai,Veldman,mveldmanm8@google.cn,Male,33.237.240.218
802,Davon,Lownes,dlownesm9@nationalgeographic.com,Male,46.218.99.69
803,Kath,Rabbatts,krabbattsma@npr.org,Female,72.147.42.148
804,Niki,Gabey,ngabeymb@slideshare.net,Male,204.11.101.183
805,Clywd,Spawton,cspawtonmc@apple.com,Male,123.208.111.22
806,Sidnee,Hannah,shannahmd@marketwatch.com,Male,168.105.93.246
807,Netti,Fratczak,nfratczakme@google.ca,Female,218.68.106.130
808,Bernardo,Fryman,bfrymanmf@taobao.com,Male,221.210.243.250
809,Herold,Bingell,hbingellmg@wikispaces.com,Male,230.162.17.85
810,Sydelle,Nayer,snayermh@sbwire.com,Female,192.94.223.91
811,Antonina,Digges,adiggesmi@infoseek.co.jp,Female,168.101.115.73
812,Damian,Campe,dcampemj@google.com.au,Male,117.254.159.10
813,Alfonso,Oldcote,aoldcotemk@biblegateway.com,Male,117.248.225.27
814,Grier,Huxter,ghuxterml@gnu.org,Female,82.86.124.12
815,Aldon,Beisley,abeisleymm@icq.com,Male,188.9.12.0
816,Fannie,Painten,fpaintenmn@xrea.com,Female,63.169.84.210
817,Jaclin,Krollmann,jkrollmannmo@wp.com,Female,203.231.219.28
818,Oralia,Benyan,obenyanmp@economist.com,Female,19.211.89.242
819,Galven,Blandamore,gblandamoremq@xinhuanet.com,Male,131.145.119.119
820,Theo,Kenright,tkenrightmr@godaddy.com,Male,144.82.119.244
821,Jaymie,Crowe,jcrowems@ihg.com,Male,146.248.133.235
822,Madelin,Billinge,mbillingemt@google.ca,Female,218.127.66.241
823,Kirk,Sawl,ksawlmu@cdc.gov,Male,204.191.169.43
824,Joelle,Jest,jjestmv@craigslist.org,Female,237.5.205.105
825,Alice,Oade,aoademw@domainmarket.com,Female,167.45.160.120
826,Karry,Canto,kcantomx@shutterfly.com,Female,5.129.212.54
827,Creight,Jedrzejewsky,cjedrzejewskymy@stanford.edu,Male,14.153.174.13
828,Drona,Macveigh,dmacveighmz@seesaa.net,Female,137.151.72.68
829,Lenette,Plaid,lplaidn0@microsoft.com,Female,28.248.82.242
830,Deeanne,McCumskay,dmccumskayn1@tinypic.com,Female,57.118.44.48
831,Cleveland,Rantoul,crantouln2@4shared.com,Male,197.48.127.152
832,Marion,Keford,mkefordn3@rediff.com,Female,106.219.224.1
833,Ulrike,Stroder,ustrodern4@geocities.jp,Female,238.141.69.1
834,Gabriel,Clink,gclinkn5@reverbnation.com,Female,37.81.217.218
835,Benyamin,Mosedill,bmosedilln6@clickbank.net,Male,194.102.83.17
836,Tynan,Castelin,tcastelinn7@loc.gov,Male,18.160.163.204
837,Mark,De Ambrosi,mdeambrosin8@qq.com,Male,123.158.83.253
838,Leone,Deeble,ldeeblen9@mac.com,Female,7.148.167.1
839,Case,Beynon,cbeynonna@twitter.com,Male,210.201.100.129
840,Maurizio,Lawie,mlawienb@e-recht24.de,Male,181.161.248.168
841,Tessy,Bedenham,tbedenhamnc@microsoft.com,Female,164.82.67.230
842,Allissa,Kabos,akabosnd@sohu.com,Female,193.62.252.20
843,Cobb,Southwell,csouthwellne@privacy.gov.au,Male,64.44.31.215
844,Caye,Blankett,cblankettnf@slate.com,Female,164.13.161.90
845,Verena,Doblin,vdoblinng@4shared.com,Female,200.90.71.189
846,Maurene,Pales,mpalesnh@stumbleupon.com,Female,45.23.112.112
847,Eugen,Grichukhin,egrichukhinni@dropbox.com,Male,147.158.61.30
848,Kelila,Boreland,kborelandnj@e-recht24.de,Female,26.88.77.192
849,Johnath,Reese,jreesenk@google.com.au,Female,249.185.152.24
850,Marcela,Crowne,mcrownenl@t.co,Female,110.185.180.253
851,Nickolas,Jaegar,njaegarnm@mail.ru,Male,80.22.158.30
852,Francyne,Kenningham,fkenninghamnn@domainmarket.com,Female,254.81.229.160
853,Adella,Feander,afeanderno@vk.com,Female,117.185.68.164
854,Tammy,Finessy,tfinessynp@elpais.com,Male,248.24.115.208
855,Norton,Bernholt,nbernholtnq@microsoft.com,Male,116.73.70.29
856,Stephi,Mateos,smateosnr@hibu.com,Female,223.100.118.190
857,Clare,Wife,cwifens@apple.com,Female,46.101.108.119
858,Maximilianus,Huggin,mhugginnt@weibo.com,Male,177.188.124.85
859,Trev,Yanov,tyanovnu@etsy.com,Male,100.78.137.130
860,Alys,Jochens,ajochensnv@guardian.co.uk,Female,176.121.103.221
861,Dorothea,Atwater,datwaternw@businessweek.com,Female,149.153.198.235
862,Oberon,Brewett,obrewettnx@w3.org,Male,61.44.84.46
863,Zara,Greatham,zgreathamny@livejournal.com,Female,227.197.58.146
864,Millard,Kensington,mkensingtonnz@technorati.com,Male,248.149.254.219
865,Artair,Vaulkhard,avaulkhardo0@google.co.jp,Male,199.117.135.238
866,Arlee,MacGilfoyle,amacgilfoyleo1@gizmodo.com,Female,117.31.195.170
867,Willdon,Tabary,wtabaryo2@t.co,Male,20.101.173.74
868,Daile,Bunney,dbunneyo3@livejournal.com,Female,100.181.77.115
869,Kayle,Casacchia,kcasacchiao4@ning.com,Female,234.84.167.100
870,Benedicto,Lemonnier,blemonniero5@wikispaces.com,Male,220.170.242.76
871,Marcos,Jacombs,mjacombso6@360.cn,Male,195.107.221.208
872,Kali,Duncanson,kduncansono7@msn.com,Female,204.204.134.148
873,Roddie,Bower,rbowero8@google.co.uk,Male,48.190.158.235
874,Valle,MacComiskey,vmaccomiskeyo9@sitemeter.com,Male,94.84.172.202
875,Tilda,Nawton,tnawtonoa@miibeian.gov.cn,Female,2.43.3.220
876,Thomasina,Tungay,ttungayob@tripod.com,Female,19.196.63.86
877,Dun,Besant,dbesantoc@hatena.ne.jp,Male,63.57.73.18
878,Xena,Jeffreys,xjeffreysod@nsw.gov.au,Female,30.127.216.173
879,Dyana,Harcus,dharcusoe@google.ca,Female,124.113.40.67
880,Farrell,Camilleri,fcamilleriof@barnesandnoble.com,Male,201.44.114.89
881,Hebert,Ullyott,hullyottog@sfgate.com,Male,85.76.60.146
882,Boony,Cartan,bcartanoh@yellowbook.com,Male,147.28.200.222
883,Freda,Stollwerck,fstollwerckoi@bing.com,Female,102.104.240.160
884,Bari,Mooreed,bmooreedoj@miibeian.gov.cn,Female,116.145.77.191
885,Karl,Bendig,kbendigok@amazon.co.uk,Male,53.12.218.148
886,Dorie,Kelleher,dkelleherol@paypal.com,Female,137.159.96.127
887,Lamond,Nevison,lnevisonom@cnn.com,Male,214.246.251.96
888,Inge,Staresmeare,istaresmeareon@taobao.com,Female,242.117.149.7
889,Nickie,Ambrogelli,nambrogellioo@japanpost.jp,Female,63.106.45.112
890,Alyssa,Marchington,amarchingtonop@i2i.jp,Female,60.183.99.219
891,Hollie,Stuttard,hstuttardoq@quantcast.com,Female,193.100.141.88
892,Catarina,Jenks,cjenksor@berkeley.edu,Female,77.30.244.219
893,Stanislaw,Landsman,slandsmanos@netvibes.com,Male,77.65.169.251
894,Darin,Olivia,doliviaot@eepurl.com,Male,60.37.17.14
895,Huberto,Doylend,hdoylendou@gnu.org,Male,173.66.193.151
896,Blondelle,Armistead,barmisteadov@mozilla.org,Female,146.135.32.51
897,Konstantine,Letherbury,kletherburyow@ehow.com,Male,176.224.38.120
898,Hally,Stubbings,hstubbingsox@globo.com,Female,55.99.114.182
899,Alastair,Langelay,alangelayoy@amazon.co.jp,Male,232.88.83.32
900,Andriana,Heskey,aheskeyoz@mapquest.com,Female,60.4.200.63
901,Gherardo,Hundley,ghundleyp0@rediff.com,Male,156.86.151.52
902,Alvinia,Ransfield,aransfieldp1@fema.gov,Female,58.182.229.40
903,Alvinia,De Hoogh,adehooghp2@mapquest.com,Female,134.193.167.29
904,Rey,Exell,rexellp3@rambler.ru,Male,72.177.62.109
905,Max,Eckery,meckeryp4@google.fr,Male,29.240.209.155
906,Adelbert,Brambell,abrambellp5@prnewswire.com,Male,250.239.116.140
907,Frayda,Langer,flangerp6@cyberchimps.com,Female,169.120.202.14
908,Arielle,Bowlands,abowlandsp7@cargocollective.com,Female,183.239.12.13
909,Aurel,Bruff,abruffp8@kickstarter.com,Female,10.146.103.238
910,Isabeau,Hynard,ihynardp9@alibaba.com,Female,93.113.94.139
911,Gayelord,Murdy,gmurdypa@patch.com,Male,154.204.6.51
912,Mead,Harnwell,mharnwellpb@mac.com,Female,187.102.94.96
913,Meggy,Gillford,mgillfordpc@diigo.com,Female,113.82.151.168
914,Lydon,Ribou,lriboupd@pinterest.com,Male,75.105.227.187
915,Thaddus,Braime,tbraimepe@stumbleupon.com,Male,101.198.23.73
916,Cecily,Cankett,ccankettpf@answers.com,Female,241.145.109.95
917,Stearne,Syddon,ssyddonpg@europa.eu,Male,91.57.144.172
918,Mandel,Kenion,mkenionph@acquirethisname.com,Male,155.19.199.203
919,Debora,Gemeau,dgemeaupi@quantcast.com,Female,190.23.187.141
920,Lockwood,Durham,ldurhampj@vk.com,Male,232.150.109.223
921,Audy,MacPaik,amacpaikpk@ed.gov,Female,30.236.63.65
922,Lindon,Petriello,lpetriellopl@goodreads.com,Male,252.199.253.250
923,Bone,Greyes,bgreyespm@senate.gov,Male,58.27.171.54
924,Cacilie,Poon,cpoonpn@i2i.jp,Female,17.128.134.156
925,Onfre,McConnulty,omcconnultypo@hexun.com,Male,236.165.25.59
926,Pooh,McGeouch,pmcgeouchpp@bing.com,Male,5.206.113.85
927,Cortie,Arondel,carondelpq@drupal.org,Male,177.208.192.28
928,Vaughan,Relfe,vrelfepr@yale.edu,Male,65.32.36.39
929,Lidia,Flintoft,lflintoftps@tiny.cc,Female,66.247.12.173
930,Beth,Fennelly,bfennellypt@washingtonpost.com,Female,248.60.46.197
931,Harlin,Brosch,hbroschpu@bloomberg.com,Male,136.10.62.153
932,Farrah,Stallard,fstallardpv@reference.com,Female,90.3.246.119
933,Carlotta,Tetsall,ctetsallpw@prnewswire.com,Female,219.26.23.61
934,Anna-diana,Stammer,astammerpx@answers.com,Female,230.157.92.183
935,Pooh,McWhirter,pmcwhirterpy@indiatimes.com,Female,95.232.208.23
936,Louella,Edeler,ledelerpz@statcounter.com,Female,33.135.23.192
937,Zonda,Pinkett,zpinkettq0@tripadvisor.com,Female,184.86.252.255
938,Jobye,Culpan,jculpanq1@zimbio.com,Female,226.134.16.84
939,Jana,Zotto,jzottoq2@istockphoto.com,Female,244.153.218.42
940,Helaine,Lucio,hlucioq3@cocolog-nifty.com,Female,241.46.27.177
941,Efren,Segoe,esegoeq4@t.co,Male,21.10.68.9
942,Tomas,Benjefield,tbenjefieldq5@sciencedaily.com,Male,235.192.28.58
943,Jarid,Cotsford,jcotsfordq6@foxnews.com,Male,22.51.135.24
944,Tonia,Fawdrie,tfawdrieq7@gizmodo.com,Female,238.109.251.167
945,Adelice,Blackah,ablackahq8@techcrunch.com,Female,124.170.191.155
946,Mariquilla,Stoodale,mstoodaleq9@weather.com,Female,39.83.82.198
947,Flss,Negus,fnegusqa@skype.com,Female,210.11.90.106
948,Heath,Badman,hbadmanqb@goo.ne.jp,Male,124.86.216.202
949,Sapphire,Anstead,sansteadqc@google.pl,Female,152.186.16.122
950,Brennan,Lau,blauqd@fotki.com,Male,74.94.62.128
951,Rickey,Jizhaki,rjizhakiqe@businessinsider.com,Male,152.204.249.191
952,Dorelle,Britian,dbritianqf@narod.ru,Female,137.146.140.137
953,Billi,Winkell,bwinkellqg@washington.edu,Female,152.157.164.238
954,Peyter,Swatten,pswattenqh@apache.org,Male,200.124.95.156
955,Rodrique,Godier,rgodierqi@mayoclinic.com,Male,230.184.250.108
956,Shellie,Brittles,sbrittlesqj@vistaprint.com,Female,163.208.24.165
957,Agneta,Romans,aromansqk@cbslocal.com,Female,253.8.166.22
958,Baryram,Burwood,bburwoodql@thetimes.co.uk,Male,187.210.51.29
959,Drucie,Redshaw,dredshawqm@senate.gov,Female,92.160.218.175
960,Tibold,Elsmore,telsmoreqn@foxnews.com,Male,85.56.138.223
961,Mariellen,Dacey,mdaceyqo@cbsnews.com,Female,248.65.225.248
962,Wynn,Adkins,wadkinsqp@bing.com,Male,134.217.35.172
963,Shirlene,Rolles,srollesqq@yale.edu,Female,213.118.7.82
964,Jacquelin,Soane,jsoaneqr@unblog.fr,Female,0.205.224.54
965,Allianora,La Padula,alapadulaqs@tamu.edu,Female,157.239.31.27
966,Marty,Mantz,mmantzqt@delicious.com,Female,128.73.8.105
967,Zaneta,Ivanenko,zivanenkoqu@hp.com,Female,75.47.150.200
968,Charles,Lavell,clavellqv@zimbio.com,Male,253.56.83.145
969,Florella,Case,fcaseqw@technorati.com,Female,40.99.26.133
970,Budd,Gunther,bguntherqx@wufoo.com,Male,58.139.147.112
971,Ivan,Blaydon,iblaydonqy@naver.com,Male,153.95.145.46
972,Natale,Hars,nharsqz@google.co.jp,Male,196.89.45.53
973,Maighdiln,Dietmar,mdietmarr0@cnet.com,Female,8.104.89.149
974,Renado,Deeming,rdeemingr1@baidu.com,Male,129.117.140.27
975,Sinclair,Trayling,straylingr2@baidu.com,Male,42.229.31.235
976,Lionel,Jenkin,ljenkinr3@nyu.edu,Male,93.0.166.225
977,Carlyn,Tarbet,ctarbetr4@theguardian.com,Female,170.118.21.74
978,Sandor,Norway,snorwayr5@hao123.com,Male,16.19.213.144
979,Maurise,Pietrusiak,mpietrusiakr6@dailymotion.com,Female,122.192.158.254
980,Lesley,Guiso,lguisor7@un.org,Male,76.193.7.12
981,Danni,Roycroft,droycroftr8@princeton.edu,Female,213.6.110.18
982,Almeta,Proudler,aproudlerr9@imageshack.us,Female,127.103.96.249
983,Christoforo,Hedon,chedonra@goodreads.com,Male,111.57.33.45
984,Robinson,MacCleay,rmaccleayrb@godaddy.com,Male,108.68.118.43
985,Sonia,Derdes,sderdesrc@adobe.com,Female,14.213.209.117
986,Billy,Preshous,bpreshousrd@theglobeandmail.com,Male,56.47.144.133
987,Brigitta,Senton,bsentonre@lycos.com,Female,39.197.42.158
988,Padget,Spurrier,pspurrierrf@marriott.com,Male,195.100.99.191
989,Morgan,Ortiga,mortigarg@ameblo.jp,Female,49.38.164.216
990,Chlo,Gecke,cgeckerh@istockphoto.com,Female,205.237.159.12
991,Judon,Philpin,jphilpinri@buzzfeed.com,Male,117.42.81.201
992,Rici,Heinreich,rheinreichrj@cocolog-nifty.com,Female,214.230.143.128
993,Merell,Sainsbury-Brown,msainsburybrownrk@amazon.de,Male,234.152.239.83
994,Mendel,Kenlin,mkenlinrl@salon.com,Male,47.192.3.44
995,Kally,Scruton,kscrutonrm@deviantart.com,Female,158.168.10.171
996,Wenona,Tinner,wtinnerrn@barnesandnoble.com,Female,202.201.182.252
997,Ash,Darragh,adarraghro@bigcartel.com,Male,2.25.126.160
998,Garland,Santoro,gsantororp@whitehouse.gov,Female,248.72.128.177
999,Harlan,Shortin,hshortinrq@printfriendly.com,Male,238.162.199.213
1000,Cyndie,Jandac,cjandacrr@cdc.gov,Female,76.160.138.178
